first_name,last_name,company_name,address,city,county,state,zip,phone1,phone2,email,web
Josephine1,Darakjy,Jeffrey A Chanay Esq,4 B Blue Ridge Blvd,Brighton,Livingston,MI,48116,810-292-9388,810-374-9840,osephine_darakjy@darakjy.org,http://www.chanayjeffreyaesq.com
Josephine2,Darakjy,Jeffrey A Chanay Esq,4 B Blue Ridge Blvd,Brighton,Livingston,MI,48116,810-292-9388,810-374-9840,osephine_darakjy@darakjy.org,http://www.chanayjeffreyaesq.com
Josephine3,Darakjy,Jeffrey A Chanay Esq,4 B Blue Ridge Blvd,Brighton,Livingston,MI,48116,810-292-9388,810-374-9840,osephine_darakjy@darakjy.org,http://www.chanayjeffreyaesq.com
Josephine4,Darakjy,Jeffrey A Chanay Esq,4 B Blue Ridge Blvd,Brighton,Livingston,MI,48116,810-292-9388,810-374-9840,osephine_darakjy@darakjy.org,http://www.chanayjeffreyaesq.com
Josephine5,Darakjy,Jeffrey A Chanay Esq,4 B Blue Ridge Blvd,Brighton,Livingston,MI,48116,810-292-9388,810-374-9840,osephine_darakjy@darakjy.org,http://www.chanayjeffreyaesq.com
Josephine6,Darakjy,Jeffrey A Chanay Esq,4 B Blue Ridge Blvd,Brighton,Livingston,MI,48116,810-292-9388,810-374-9840,osephine_darakjy@darakjy.org,http://www.chanayjeffreyaesq.com
Josephine7,Darakjy,Jeffrey A Chanay Esq,4 B Blue Ridge Blvd,Brighton,Livingston,MI,48116,810-292-9388,810-374-9840,osephine_darakjy@darakjy.org,http://www.chanayjeffreyaesq.com
Josephine8,Darakjy,Jeffrey A Chanay Esq,4 B Blue Ridge Blvd,Brighton,Livingston,MI,48116,810-292-9388,810-374-9840,osephine_darakjy@darakjy.org,http://www.chanayjeffreyaesq.com
Josephine9,Darakjy,Jeffrey A Chanay Esq,4 B Blue Ridge Blvd,Brighton,Livingston,MI,48116,810-292-9388,810-374-9840,osephine_darakjy@darakjy.org,http://www.chanayjeffreyaesq.com
Josephine10,Darakjy,Jeffrey A Chanay Esq,4 B Blue Ridge Blvd,Brighton,Livingston,MI,48116,810-292-9388,810-374-9840,osephine_darakjy@darakjy.org,http://www.chanayjeffreyaesq.com
Josephine11,Darakjy,Jeffrey A Chanay Esq,4 B Blue Ridge Blvd,Brighton,Livingston,MI,48116,810-292-9388,810-374-9840,osephine_darakjy@darakjy.org,http://www.chanayjeffreyaesq.com
Josephine12,Darakjy,Jeffrey A Chanay Esq,4 B Blue Ridge Blvd,Brighton,Livingston,MI,48116,810-292-9388,810-374-9840,osephine_darakjy@darakjy.org,http://www.chanayjeffreyaesq.com
Josephine13,Darakjy,Jeffrey A Chanay Esq,4 B Blue Ridge Blvd,Brighton,Livingston,MI,48116,810-292-9388,810-374-9840,osephine_darakjy@darakjy.org,http://www.chanayjeffreyaesq.com
Josephine14,Darakjy,Jeffrey A Chanay Esq,4 B Blue Ridge Blvd,Brighton,Livingston,MI,48116,810-292-9388,810-374-9840,osephine_darakjy@darakjy.org,http://www.chanayjeffreyaesq.com
Josephine15,Darakjy,Jeffrey A Chanay Esq,4 B Blue Ridge Blvd,Brighton,Livingston,MI,48116,810-292-9388,810-374-9840,osephine_darakjy@darakjy.org,http://www.chanayjeffreyaesq.com
Josephine16,Darakjy,Jeffrey A Chanay Esq,4 B Blue Ridge Blvd,Brighton,Livingston,MI,48116,810-292-9388,810-374-9840,osephine_darakjy@darakjy.org,http://www.chanayjeffreyaesq.com
Josephine17,Darakjy,Jeffrey A Chanay Esq,4 B Blue Ridge Blvd,Brighton,Livingston,MI,48116,810-292-9388,810-374-9840,osephine_darakjy@darakjy.org,http://www.chanayjeffreyaesq.com
Josephine18,Darakjy,Jeffrey A Chanay Esq,4 B Blue Ridge Blvd,Brighton,Livingston,MI,48116,810-292-9388,810-374-9840,osephine_darakjy@darakjy.org,http://www.chanayjeffreyaesq.com
Josephine19,Darakjy,Jeffrey A Chanay Esq,4 B Blue Ridge Blvd,Brighton,Livingston,MI,48116,810-292-9388,810-374-9840,osephine_darakjy@darakjy.org,http://www.chanayjeffreyaesq.com
Josephine20,Darakjy,Jeffrey A Chanay Esq,4 B Blue Ridge Blvd,Brighton,Livingston,MI,48116,810-292-9388,810-374-9840,osephine_darakjy@darakjy.org,http://www.chanayjeffreyaesq.com
Josephine21,Darakjy,Jeffrey A Chanay Esq,4 B Blue Ridge Blvd,Brighton,Livingston,MI,48116,810-292-9388,810-374-9840,osephine_darakjy@darakjy.org,http://www.chanayjeffreyaesq.com
Josephine22,Darakjy,Jeffrey A Chanay Esq,4 B Blue Ridge Blvd,Brighton,Livingston,MI,48116,810-292-9388,810-374-9840,osephine_darakjy@darakjy.org,http://www.chanayjeffreyaesq.com
Josephine23,Darakjy,Jeffrey A Chanay Esq,4 B Blue Ridge Blvd,Brighton,Livingston,MI,48116,810-292-9388,810-374-9840,osephine_darakjy@darakjy.org,http://www.chanayjeffreyaesq.com
Josephine24,Darakjy,Jeffrey A Chanay Esq,4 B Blue Ridge Blvd,Brighton,Livingston,MI,48116,810-292-9388,810-374-9840,osephine_darakjy@darakjy.org,http://www.chanayjeffreyaesq.com
Josephine25,Darakjy,Jeffrey A Chanay Esq,4 B Blue Ridge Blvd,Brighton,Livingston,MI,48116,810-292-9388,810-374-9840,osephine_darakjy@darakjy.org,http://www.chanayjeffreyaesq.com
Josephine26,Darakjy,Jeffrey A Chanay Esq,4 B Blue Ridge Blvd,Brighton,Livingston,MI,48116,810-292-9388,810-374-9840,osephine_darakjy@darakjy.org,http://www.chanayjeffreyaesq.com
Josephine27,Darakjy,Jeffrey A Chanay Esq,4 B Blue Ridge Blvd,Brighton,Livingston,MI,48116,810-292-9388,810-374-9840,osephine_darakjy@darakjy.org,http://www.chanayjeffreyaesq.com
Josephine28,Darakjy,Jeffrey A Chanay Esq,4 B Blue Ridge Blvd,Brighton,Livingston,MI,48116,810-292-9388,810-374-9840,osephine_darakjy@darakjy.org,http://www.chanayjeffreyaesq.com
Josephine29,Darakjy,Jeffrey A Chanay Esq,4 B Blue Ridge Blvd,Brighton,Livingston,MI,48116,810-292-9388,810-374-9840,osephine_darakjy@darakjy.org,http://www.chanayjeffreyaesq.com
Josephine30,Darakjy,Jeffrey A Chanay Esq,4 B Blue Ridge Blvd,Brighton,Livingston,MI,48116,810-292-9388,810-374-9840,osephine_darakjy@darakjy.org,http://www.chanayjeffreyaesq.com
Josephine31,Darakjy,Jeffrey A Chanay Esq,4 B Blue Ridge Blvd,Brighton,Livingston,MI,48116,810-292-9388,810-374-9840,osephine_darakjy@darakjy.org,http://www.chanayjeffreyaesq.com
Josephine31,Darakjy,Jeffrey A Chanay Esq,4 B Blue Ridge Blvd,Brighton,Livingston,MI,48116,810-292-9388,810-374-9840,osephine_darakjy@darakjy.org,http://www.chanayjeffreyaesq.com
JosephineEmailInvalid,Darakjy,Jeffrey A Chanay Esq,4 B Blue Ridge Blvd,Brighton,Livingston,MI,48116,810-292-9388,810-374-9840,osephine_.org,http://www.chanayjeffreyaesq.com
JosephinePhone1Invalid,Darakjy,Jeffrey A Chanay Esq,4 B Blue Ridge Blvd,Brighton,Livingston,MI,48116,8-292-9388,810-374-9840,osephine_darakjy@darakjy.org,http://www.chanayjeffreyaesq.com
JosephinePhone2Invalid,Darakjy,Jeffrey A Chanay Esq,4 B Blue Ridge Blvd,Brighton,Livingston,MI,48116,810-292-9388,810-374-9,osephine_darakjy@darakjy.org,http://www.chanayjeffreyaesq.com
